t_ns,utc_ms,lat,lon,speed_mps,bearing_deg,accuracy_m
2326471237216366,1790061477655,19.03548333333333,73.01646833333332,0.75458276,256.56,6.8
2326471730488673,1790061478155,19.0356,73.01656833333332,1.1447423,255.44,5.9
2326472731503443,1790061479155,19.035585,73.01654,0.4009686,277.28,5.3
2326473733689058,1790061480156,19.035563333333336,73.01658,0.13537194,277.28,4.8
2326474732103443,1790061481155,19.035511666666665,73.01657333333333,0.051986944,277.28,4.5
2326475234574289,1790061481655,19.035488333333333,73.01657,0.07669361,277.28,4.1
2326475745790520,1790061482156,19.035475,73.016575,0.103459165,277.28,3.9
2326476231909597,1790061482656,19.035455000000002,73.016625,0.25118443,277.28,3.5
2326476731866212,1790061483156,19.03544833333333,73.01662833333333,0.23213972,277.28,3.4
2326478573581982,1790061485000,19.035443333333333,73.01664166666666,0.12662166,277.28,3.0
2326479575730520,1790061486000,19.035445,73.01665333333334,0.19199139,277.28,2.8
2326480577287212,1790061487000,19.035443333333333,73.01666166666668,0.09110583,277.28,2.6
2326481575904674,1790061488000,19.035443333333333,73.01666333333333,0.083385,277.28,2.6
2326482576940443,1790061489000,19.035443333333333,73.01666333333333,0.08595861,277.28,2.4
2326483576518905,1790061490000,19.035443333333333,73.01666333333333,0.113238886,6.04,2.3
2326484576529674,1790061491000,19.035443333333333,73.01666333333333,0.12765111,19.71,2.2
2326485576674520,1790061492000,19.035443333333333,73.01666333333333,0.0,19.71,2.2
2326486576312751,1790061493000,19.035443333333333,73.01668166666667,0.0,19.71,2.1
2326487575620367,1790061494000,19.03544,73.01668333333333,0.09573834,55.42,2.1
2326488576338521,1790061495000,19.03544,73.01668333333333,0.07978194,67.85,2.0
2326489577492444,1790061496000,19.035441666666667,73.01668666666666,0.16162278,64.11,2.0
2326490578533059,1790061497000,19.035443333333333,73.01668833333333,0.176035,62.4,2.0
2326491577160136,1790061498000,19.035443333333333,73.01668833333333,0.20897722,76.57,2.0
2326492581191136,1790061499000,19.03544833333333,73.01668833333333,0.0,76.57,2.0
2326493577481367,1790061500000,19.03545666666667,73.01668833333333,0.16007861,49.36,2.0
2326494580773983,1790061501000,19.035463333333333,73.01668833333333,0.0,49.36,2.1
2326495575777598,1790061502000,19.03547166666667,73.01668833333333,0.0,49.36,2.1
2326496576063521,1790061503000,19.035481666666666,73.01669,0.0,49.36,2.2
2326497576419137,1790061504000,19.03549,73.01669166666667,0.0,49.36,2.2
2326498577904367,1790061505000,19.03550166666667,73.01669166666667,0.29956833,28.45,2.2
2326499575744137,1790061506000,19.035511666666665,73.01669166666667,0.31398055,1.02,2.2
2326500577295752,1790061507000,19.03551333333333,73.01668833333333,0.0,1.02,2.3
2326501576138521,1790061508000,19.035518333333336,73.01668666666666,0.0,1.02,2.3
2326502575564983,1790061509000,19.035526666666666,73.01668,0.0,1.02,2.3
2326503575328060,1790061510000,19.035541666666667,73.01667166666667,0.0,1.02,2.2
2326504576147445,1790061511000,19.035548333333335,73.01666833333334,0.0,1.02,2.2
2326505577821291,1790061512000,19.03555833333333,73.01666666666667,0.0,1.02,2.2
2326506576753983,1790061513000,19.03556166666667,73.01666666666667,0.0,1.02,2.2
2326507575217906,1790061514000,19.035568333333334,73.01666666666667,0.0,1.02,2.2
2326508574776445,1790061515000,19.035571666666666,73.01666833333334,0.0,1.02,2.2
2326509579877291,1790061516000,19.03557,73.01666833333334,0.0,1.02,2.1
2326510576617368,1790061517000,19.035574999999998,73.01667333333333,0.0,341.89,1.9
2326511579678599,1790061518000,19.035576666666667,73.01667833333333,0.0,14.12,1.8
2326512576138522,1790061519000,19.035576666666667,73.01667833333333,0.0,14.12,1.8
2326513580063138,1790061520000,19.035576666666667,73.01667833333333,0.0,14.12,1.7
2326514578024368,1790061521000,19.035576666666667,73.01667833333333,0.0,14.12,1.7
2326515574717291,1790061522000,19.035576666666667,73.01667833333333,0.0,14.12,1.7
2326516578289368,1790061523000,19.035576666666667,73.01667833333333,0.0,14.12,1.6
2326517581338599,1790061524000,19.035576666666667,73.01667833333333,0.0,14.12,1.6
2326518579099753,1790061525000,19.035576666666667,73.01667833333333,0.0,14.12,1.6
2326519582026522,1790061526000,19.035576666666667,73.01667833333333,0.0,14.12,1.6
2326520576254523,1790061527000,19.035576666666667,73.01667833333333,0.0,14.12,1.6
2326521579680984,1790061528000,19.035576666666667,73.01667833333333,0.0,14.12,1.6
2326522576554907,1790061529000,19.035576666666667,73.01667833333333,0.0,14.12,1.6
2326523576755215,1790061530000,19.035576666666667,73.01667833333333,0.0,14.12,1.6
2326524576121292,1790061531000,19.035576666666667,73.01667833333333,0.0,300.8,1.6
2326525573429369,1790061532000,19.035576666666667,73.01667833333333,0.0,300.8,1.7
2326526579882292,1790061533000,19.03559166666667,73.01669666666666,0.0,300.8,1.8
2326527573611446,1790061534000,19.035593333333335,73.01669833333334,0.0,300.8,1.9
2326528578525061,1790061535000,19.035593333333335,73.016705,0.0,300.8,2.0
2326529574713985,1790061536000,19.035595,73.01670833333333,0.0,300.8,2.1
2326530577471446,1790061537000,19.035596666666667,73.01671,0.0,300.8,2.1
2326531576767446,1790061538000,19.035598333333333,73.01671333333334,0.0,300.8,2.1
2326532574520139,1790061539000,19.035598333333333,73.01671666666667,0.0,300.8,2.2
2326533577048754,1790061540000,19.035588333333333,73.01672333333333,0.0,300.8,2.2
2326534576226216,1790061541000,19.03558,73.016725,0.0,300.8,2.2
2326535580965908,1790061542000,19.03557,73.01673666666667,0.0,300.8,2.2
2326536577501677,1790061543000,19.035559999999997,73.01674333333334,0.26096416,129.93,2.2
2326537576070293,1790061544000,19.035545000000003,73.01675166666668,0.268685,128.67,2.2
2326538576344754,1790061545000,19.035535,73.01675833333334,0.27383223,95.48,2.1
2326539577140754,1790061546000,19.035523333333334,73.01676166666667,0.27177334,120.96,2.0
2326540577299755,1790061547000,19.03551333333333,73.01676333333333,0.26353776,122.63,2.0
2326541577795524,1790061548000,19.035508333333333,73.01676666666667,0.0,123.16,1.9
2326542577205062,1790061549000,19.035505,73.01676333333333,0.0,147.59,1.9
2326543576552062,1790061550000,19.035500000000003,73.01676333333333,0.0,161.33,1.8
2326544575242524,1790061551000,19.035500000000003,73.01676333333333,0.0,161.33,1.8
2326545577795755,1790061552000,19.035500000000003,73.01676333333333,0.0,161.33,1.8
2326546577886601,1790061553000,19.035500000000003,73.01676333333333,0.0,161.33,1.8
2326547575169063,1790061554000,19.035500000000003,73.01676333333333,0.0,161.33,1.8
2326548578911524,1790061555000,19.035500000000003,73.01676333333333,0.0,161.33,1.8
2326549575064063,1790061556000,19.035500000000003,73.01676333333333,0.0,161.33,1.8
2326550575595832,1790061557000,19.035500000000003,73.01676333333333,0.0,161.33,1.8
2326551576010524,1790061558000,19.035500000000003,73.01676333333333,0.0,161.33,1.8
2326552577649909,1790061559000,19.035500000000003,73.01676333333333,0.0,161.33,1.8
2326553577075140,1790061560000,19.035500000000003,73.01676333333333,0.0,117.04,1.9
2326554578522832,1790061561000,19.035500000000003,73.01676333333333,0.0,117.04,2.0
2326555576447525,1790061562000,19.035500000000003,73.01676333333333,0.0,117.04,2.1
2326556574015755,1790061563000,19.035500000000003,73.01674166666666,0.0,117.04,2.2
2326557578890525,1790061564000,19.035505,73.01673666666667,0.0,117.04,2.2
2326558575993909,1790061565000,19.035503333333335,73.01673333333333,0.0,117.04,2.3
2326559577557679,1790061566000,19.03550166666667,73.01673166666666,0.0,117.04,2.4
